[{"path":"README.md","fileType":"md","lines":[{"lineNumber":1,"author":{"gitId":"claudiap-25"},"content":"# ceva-site","lastModifiedDate":"2025-08-13T20:57:16","isFullCredit":true}],"authorContributionMap":{"claudiap-25":1}},{"path":"doc-gato.txt","fileType":"txt","lines":[{"lineNumber":1,"author":{"gitId":"claudiap25"},"content":"asfgsdfgfsdgzsfdgasdgasdfad","lastModifiedDate":"2025-08-13T21:36:20","isFullCredit":true}],"authorContributionMap":{"claudiap25":1}},{"path":"index.html","fileType":"html","lines":[{"lineNumber":1,"author":{"gitId":"claudiap-25"},"content":"\u003c!DOCTYPE html\u003e","lastModifiedDate":"2025-08-13T21:01:26","isFullCredit":true},{"lineNumber":2,"author":{"gitId":"claudiap-25"},"content":"\u003chtml lang\u003d\"en\"\u003e","lastModifiedDate":"2025-08-13T21:01:26","isFullCredit":true},{"lineNumber":3,"author":{"gitId":"claudiap-25"},"content":"\u003chead\u003e","lastModifiedDate":"2025-08-13T21:01:26","isFullCredit":true},{"lineNumber":4,"author":{"gitId":"claudiap-25"},"content":"    \u003cmeta charset\u003d\"UTF-8\"\u003e","lastModifiedDate":"2025-08-13T21:01:26","isFullCredit":true},{"lineNumber":5,"author":{"gitId":"claudiap-25"},"content":"    \u003cmeta name\u003d\"viewport\" content\u003d\"width\u003ddevice-width, initial-scale\u003d1.0\"\u003e","lastModifiedDate":"2025-08-13T21:01:26","isFullCredit":true},{"lineNumber":6,"author":{"gitId":"claudiap-25"},"content":"    \u003ctitle\u003eSimple Site\u003c/title\u003e","lastModifiedDate":"2025-08-13T21:01:26","isFullCredit":true},{"lineNumber":7,"author":{"gitId":"claudiap-25"},"content":"    \u003clink rel\u003d\"stylesheet\" href\u003d\"styles.css\"\u003e","lastModifiedDate":"2025-08-13T21:01:26","isFullCredit":true},{"lineNumber":8,"author":{"gitId":"claudiap-25"},"content":"\u003c/head\u003e","lastModifiedDate":"2025-08-13T21:01:26","isFullCredit":true},{"lineNumber":9,"author":{"gitId":"claudiap-25"},"content":"\u003cbody\u003e","lastModifiedDate":"2025-08-13T21:01:26","isFullCredit":true},{"lineNumber":10,"author":{"gitId":"claudiap-25"},"content":"    \u003ch1\u003eWelcome to My Simple Site\u003c/h1\u003e","lastModifiedDate":"2025-08-13T21:01:26","isFullCredit":true},{"lineNumber":11,"author":{"gitId":"claudiap-25"},"content":"    \u003cp\u003eThis is a minimal example with HTML, CSS, and JavaScript.\u003c/p\u003e","lastModifiedDate":"2025-08-13T21:01:26","isFullCredit":true},{"lineNumber":12,"author":{"gitId":"claudiap-25"},"content":"    \u003cbutton id\u003d\"clickButton\"\u003eClick Me\u003c/button\u003e","lastModifiedDate":"2025-08-13T21:01:26","isFullCredit":true},{"lineNumber":13,"author":{"gitId":"claudiap-25"},"content":"    \u003cp id\u003d\"message\"\u003e\u003c/p\u003e","lastModifiedDate":"2025-08-13T21:01:26","isFullCredit":true},{"lineNumber":14,"author":{"gitId":"claudiap-25"},"content":"","lastModifiedDate":"2025-08-13T21:01:26","isFullCredit":true},{"lineNumber":15,"author":{"gitId":"claudiap-25"},"content":"    \u003cscript src\u003d\"script.js\"\u003e\u003c/script\u003e","lastModifiedDate":"2025-08-13T21:01:26","isFullCredit":true},{"lineNumber":16,"author":{"gitId":"claudiap-25"},"content":"\u003c/body\u003e","lastModifiedDate":"2025-08-13T21:01:26","isFullCredit":true},{"lineNumber":17,"author":{"gitId":"claudiap-25"},"content":"\u003c/html\u003e","lastModifiedDate":"2025-08-13T21:01:26","isFullCredit":true},{"lineNumber":18,"author":{"gitId":"claudiap25"},"content":"/*sa moara camiluta mea ca nu mai pot vereeeeeeeeeeeeeeeeeeee","lastModifiedDate":"2025-08-13T21:13:10","isFullCredit":true},{"lineNumber":19,"author":{"gitId":"claudiap25"},"content":"barcelona","lastModifiedDate":"2025-08-13T21:13:10","isFullCredit":true},{"lineNumber":20,"author":{"gitId":"claudiap25"},"content":"alea","lastModifiedDate":"2025-08-13T21:13:10","isFullCredit":true},{"lineNumber":21,"author":{"gitId":"claudiap25"},"content":"alea*/","lastModifiedDate":"2025-08-13T21:13:10","isFullCredit":true}],"authorContributionMap":{"claudiap-25":17,"claudiap25":4}},{"path":"script.js","fileType":"js","lines":[{"lineNumber":1,"author":{"gitId":"claudiap-25"},"content":"document.getElementById(\"clickButton\").addEventListener(\"click\", function() {","lastModifiedDate":"2025-08-13T21:01:26","isFullCredit":true},{"lineNumber":2,"author":{"gitId":"claudiap-25"},"content":"    document.getElementById(\"message\").textContent \u003d \"You clicked the button!\";","lastModifiedDate":"2025-08-13T21:01:26","isFullCredit":true},{"lineNumber":3,"author":{"gitId":"claudiap-25"},"content":"});","lastModifiedDate":"2025-08-13T21:01:26","isFullCredit":true},{"lineNumber":4,"author":{"gitId":"claudiap25"},"content":"/*sa moara camiluta mea ca nu mai pot vereeeeeeeeeeeeeeeeeeee","lastModifiedDate":"2025-08-13T21:13:10","isFullCredit":true},{"lineNumber":5,"author":{"gitId":"claudiap25"},"content":"barcelona","lastModifiedDate":"2025-08-13T21:13:10","isFullCredit":true},{"lineNumber":6,"author":{"gitId":"claudiap25"},"content":"alea","lastModifiedDate":"2025-08-13T21:13:10","isFullCredit":true},{"lineNumber":7,"author":{"gitId":"claudiap25"},"content":"alea*/","lastModifiedDate":"2025-08-13T21:13:10","isFullCredit":true},{"lineNumber":8,"author":{"gitId":"claudiap25"},"content":"/*sa moara camiluta mea ca nu mai pot vereeeeeeeeeeeeeeeeeeee","lastModifiedDate":"2025-08-13T21:13:10","isFullCredit":true},{"lineNumber":9,"author":{"gitId":"claudiap25"},"content":"barcelona","lastModifiedDate":"2025-08-13T21:13:10","isFullCredit":true},{"lineNumber":10,"author":{"gitId":"claudiap25"},"content":"alea","lastModifiedDate":"2025-08-13T21:13:10","isFullCredit":true},{"lineNumber":11,"author":{"gitId":"claudiap25"},"content":"alea*/","lastModifiedDate":"2025-08-13T21:13:10","isFullCredit":true},{"lineNumber":12,"author":{"gitId":"claudiap25"},"content":"/*sa moara camiluta mea ca nu mai pot vereeeeeeeeeeeeeeeeeeee","lastModifiedDate":"2025-08-13T21:13:10","isFullCredit":true},{"lineNumber":13,"author":{"gitId":"claudiap25"},"content":"barcelona","lastModifiedDate":"2025-08-13T21:13:10","isFullCredit":true},{"lineNumber":14,"author":{"gitId":"claudiap25"},"content":"alea","lastModifiedDate":"2025-08-13T21:13:10","isFullCredit":true},{"lineNumber":15,"author":{"gitId":"claudiap25"},"content":"alea*/","lastModifiedDate":"2025-08-13T21:13:10","isFullCredit":true}],"authorContributionMap":{"claudiap-25":3,"claudiap25":12}},{"path":"styles.css","fileType":"css","lines":[{"lineNumber":1,"author":{"gitId":"claudiap25"},"content":"/*sa moara camiluta mea ca nu mai pot vereeeeeeeeeeeeeeeeeeee","lastModifiedDate":"2025-08-13T21:13:10","isFullCredit":true},{"lineNumber":2,"author":{"gitId":"claudiap25"},"content":"barcelona","lastModifiedDate":"2025-08-13T21:13:10","isFullCredit":true},{"lineNumber":3,"author":{"gitId":"claudiap25"},"content":"alea","lastModifiedDate":"2025-08-13T21:13:10","isFullCredit":true},{"lineNumber":4,"author":{"gitId":"claudiap25"},"content":"alea*/","lastModifiedDate":"2025-08-13T21:13:10","isFullCredit":true},{"lineNumber":5,"author":{"gitId":"claudiap-25"},"content":"body {","lastModifiedDate":"2025-08-13T21:01:26","isFullCredit":true},{"lineNumber":6,"author":{"gitId":"claudiap-25"},"content":"    font-family: Arial, sans-serif;","lastModifiedDate":"2025-08-13T21:01:26","isFullCredit":true},{"lineNumber":7,"author":{"gitId":"claudiap-25"},"content":"    text-align: center;","lastModifiedDate":"2025-08-13T21:01:26","isFullCredit":true},{"lineNumber":8,"author":{"gitId":"claudiap-25"},"content":"    background-color: #f4f4f4;","lastModifiedDate":"2025-08-13T21:01:26","isFullCredit":true},{"lineNumber":9,"author":{"gitId":"claudiap-25"},"content":"    margin: 0;","lastModifiedDate":"2025-08-13T21:01:26","isFullCredit":true},{"lineNumber":10,"author":{"gitId":"claudiap-25"},"content":"    padding: 0;","lastModifiedDate":"2025-08-13T21:01:26","isFullCredit":true},{"lineNumber":11,"author":{"gitId":"claudiap-25"},"content":"}","lastModifiedDate":"2025-08-13T21:01:26","isFullCredit":true},{"lineNumber":12,"author":{"gitId":"claudiap-25"},"content":"","lastModifiedDate":"2025-08-13T21:01:26","isFullCredit":true},{"lineNumber":13,"author":{"gitId":"claudiap-25"},"content":"h1 {","lastModifiedDate":"2025-08-13T21:01:26","isFullCredit":true},{"lineNumber":14,"author":{"gitId":"claudiap-25"},"content":"    color: #333;","lastModifiedDate":"2025-08-13T21:01:26","isFullCredit":true},{"lineNumber":15,"author":{"gitId":"claudiap-25"},"content":"}","lastModifiedDate":"2025-08-13T21:01:26","isFullCredit":true},{"lineNumber":16,"author":{"gitId":"claudiap-25"},"content":"","lastModifiedDate":"2025-08-13T21:01:26","isFullCredit":true},{"lineNumber":17,"author":{"gitId":"claudiap-25"},"content":"button {","lastModifiedDate":"2025-08-13T21:01:26","isFullCredit":true},{"lineNumber":18,"author":{"gitId":"claudiap-25"},"content":"    background-color: #4CAF50;","lastModifiedDate":"2025-08-13T21:01:26","isFullCredit":true},{"lineNumber":19,"author":{"gitId":"claudiap-25"},"content":"    color: white;","lastModifiedDate":"2025-08-13T21:01:26","isFullCredit":true},{"lineNumber":20,"author":{"gitId":"claudiap-25"},"content":"    padding: 10px 20px;","lastModifiedDate":"2025-08-13T21:01:26","isFullCredit":true},{"lineNumber":21,"author":{"gitId":"claudiap-25"},"content":"    border: none;","lastModifiedDate":"2025-08-13T21:01:26","isFullCredit":true},{"lineNumber":22,"author":{"gitId":"claudiap-25"},"content":"    cursor: pointer;","lastModifiedDate":"2025-08-13T21:01:26","isFullCredit":true},{"lineNumber":23,"author":{"gitId":"claudiap-25"},"content":"}","lastModifiedDate":"2025-08-13T21:01:26","isFullCredit":true},{"lineNumber":24,"author":{"gitId":"claudiap-25"},"content":"","lastModifiedDate":"2025-08-13T21:01:26","isFullCredit":true},{"lineNumber":25,"author":{"gitId":"claudiap-25"},"content":"button:hover {","lastModifiedDate":"2025-08-13T21:01:26","isFullCredit":true},{"lineNumber":26,"author":{"gitId":"claudiap-25"},"content":"    background-color: #45a049;","lastModifiedDate":"2025-08-13T21:01:26","isFullCredit":true},{"lineNumber":27,"author":{"gitId":"claudiap-25"},"content":"}","lastModifiedDate":"2025-08-13T21:01:26","isFullCredit":true}],"authorContributionMap":{"claudiap-25":23,"claudiap25":4}}]
