{"authorDailyContributionsMap":{"claudiap-25":[{"date":"2025-08-13T00:00:00","commitResults":[{"hash":"31ebbf0194899da037ccd2bdebc4a0751c939f1c","isMergeCommit":false,"messageTitle":"Initial commit","messageBody":"","fileTypesAndContributionMap":{"md":{"insertions":1,"deletions":0}}},{"hash":"f746da04feb7e6b40cc02298ec067662cb3d429c","isMergeCommit":false,"messageTitle":"Added site","messageBody":"","fileTypesAndContributionMap":{"css":{"insertions":23,"deletions":0},"js":{"insertions":3,"deletions":0},"html":{"insertions":17,"deletions":0}}}]}],"claudiap25":[{"date":"2025-08-13T00:00:00","commitResults":[{"hash":"5b588e37af39891cb3f7e3603a8c3441791dd1e0","isMergeCommit":false,"messageTitle":"hahaha","messageBody":"","fileTypesAndContributionMap":{"txt":{"insertions":0,"deletions":0}}},{"hash":"8fea232ee13807e0b16abcecc05e61081b6ad082","isMergeCommit":false,"messageTitle":"bravo","messageBody":"","fileTypesAndContributionMap":{"css":{"insertions":4,"deletions":0},"js":{"insertions":13,"deletions":1},"html":{"insertions":5,"deletions":1}}},{"hash":"789c7d5a83f4e4013a31131f9b7fb8c4a7c5ac20","isMergeCommit":false,"messageTitle":"gato did it","messageBody":"","fileTypesAndContributionMap":{"txt":{"insertions":0,"deletions":0}}},{"hash":"5e1681ecb30d321f188ff7b82e2179fbd36b46cf","isMergeCommit":false,"messageTitle":"gato was here","messageBody":"","fileTypesAndContributionMap":{"txt":{"insertions":1,"deletions":0}}}]}]},"authorFileTypeContributionMap":{"claudiap-25":{"md":1,"html":17,"js":3,"css":23},"claudiap25":{"txt":1,"html":4,"js":12,"css":4}},"authorContributionVariance":{"claudiap-25":0.0,"claudiap25":0.0},"authorDisplayNameMap":{"claudiap-25":"claudiap-25","claudiap25":"claudiap25"}}
