{"repoSenseVersion":"524076bfc5","reportGeneratedTime":"Sun, 17 Aug 2025 15:19:13 UTC","reportGenerationTime":" 0.66 second(s)","zoneId":"Etc/UTC","reportTitle":"RepoSense Report","repos":[{"location":{"location":"https://github.com/claudiap-25/ceva-site.git","repoName":"ceva-site","organization":"claudiap-25","domainName":"github"},"branch":"main","displayName":"claudiap-25/ceva-site[main]","outputFolderName":"claudiap-25_ceva-site_main","sinceDate":"2025-08-13T00:00:00","untilDate":"2025-08-14T23:59:59"}],"errorSet":[],"sinceDate":"2025-08-13T00:00:00","untilDate":"2025-08-14T23:59:59","isSinceDateProvided":true,"isUntilDateProvided":true,"supportedDomainUrlMap":{"NOT_RECOGNIZED":{"BRANCH":"","REPO_URL":"UNSUPPORTED","BASE_URL":"UNSUPPORTED","HISTORY_PATH":"","COMMIT_PATH":"","BLAME_PATH":""},"github":{"BRANCH":"tree/$BRANCH","REPO_URL":"https://github.com/$ORGANIZATION/$REPO_NAME/","BASE_URL":"https://github.com/","HISTORY_PATH":"commits/$BRANCH/$FILE_PATH","COMMIT_PATH":"commit/$COMMIT_HASH","BLAME_PATH":"blame/$BRANCH/$FILE_PATH"}},"isAuthorshipAnalyzed":true,"repoBlurbs":{"blurbMap":{}},"authorBlurbs":{"blurbMap":{}},"chartBlurbs":{"blurbMap":{}},"isPortfolio":false}
